mutation,DVL_shift_percent
0-WT,100
1-T253A,51.70425
2-T256A,36.97063
31-Y266A,30.34818
32-C277A,76.71067
3-Y278A,116.5949
4-F319A,87.1703
6-M327A,93.0289
7-W333A,128.5258
8-V334A,141.7606
10-L342A,88.39191
11-F360A,27.81089
12-V392A,100.9814
15-L405A,87.85645
17-G415A,104.0518
18-L419A,178.3626
19-G422A,149.322
20-M447A,58.06425
21-R449A,16.42869
22-G451A,160.6701
23-Y468A,108.7682
24-L469A,133.2703
25-Y470A,89.79662
26-W478A,127.9521
28-M509A,134.6396
29-W520A,18.70359
30-W530A,35.50445
1-T253A,60.41257
2-T256A,39.8834
31-Y266A,41.47006
32-C277A,86.70871
3-Y278A,125.2436
4-F319A,125.0998
6-M327A,108.2109
7-W333A,121.3157
8-V334A,133.1601
10-L342A,77.42568
11-F360A,43.09565
12-V392A,99.10831
15-L405A,82.5244
17-G415A,111.1035
18-L419A,160.4463
19-G422A,156.7132
20-M447A,64.37201
21-R449A,19.8885
22-G451A,148.225
23-Y468A,127.4982
24-L469A,155.641
25-Y470A,114.2819
26-W478A,129.5608
28-M509A,196.1266
29-W520A,22.3955
30-W530A,70.66002
1-T253A,37.91671
2-T256A,46.85349
31-Y266A,38.96152
32-C277A,95.2259
3-Y278A,49.94651
4-F319A,79.56905
6-M327A,90.70773
7-W333A,110.1079
8-V334A,110.242
10-L342A,71.88557
11-F360A,50.99691
12-V392A,81.87406
15-L405A,82.33041
17-G415A,102.3447
18-L419A,138.9081
19-G422A,112.1871
20-M447A,65.61747
21-R449A,25.40489
22-G451A,169.3456
23-Y468A,106.9839
24-L469A,142.3926
25-Y470A,90.42402
26-W478A,99.47556
28-M509A,131.9551
29-W520A,31.34511
30-W530A,39.19407
1-T253A,59.55464
2-T256A,54.44376
31-Y266A,35.11112
32-C277A,102.2051
3-Y278A,128.9421
4-F319A,123.6122
6-M327A,101.8791
7-W333A,125.2654
8-V334A,140.0265
10-L342A,89.98283
11-F360A,43.40928
12-V392A,147.5241
15-L405A,116.4248
17-G415A,172.0933
18-L419A,357.7253
19-G422A,304.0225
20-M447A,82.67944
21-R449A,28.95699
22-G451A,203.4911
23-Y468A,156.1404
24-L469A,205.636
25-Y470A,108.8172
26-W478A,104.0634
28-M509A,185.7545
29-W520A,26.63611
30-W530A,20.79011
31-Y266A,27.27998
32-C277A,98.28214
31-Y266A,20.87378
32-C277A,70.42925
